Quarter,Total BTC,Max mNAV,Q-end mNAV,BTC/Share,BTC Yield (%),Ann. Yield (%),P/BYD
Q1 2025,3350,11.09,3.907,8.33e-06,73.18087318087319,300.1238057417833,0.9828112319917321
Q2 2025,13350,7.971,4.801,2.194e-05,137.18918918918922,556.3783783783786,0.833785900418192
OVERALL,,,,,356.13305613305613,722.1586971586971,0.7446609046175169
